,Models,Accuracy Score,F1 Score
0,Logistic Regression,0.6650534895568008,0.6646277303371447
1,Random Forest,0.6724401426388181,0.6720214742064214
2,XGBoost,0.8751910341314315,0.8751438742518226
3,SVM,0.6431482424859908,0.6425042368604557
4,KNN,0.6250636780438105,0.6245950805385204
